customer_id,age,segment,total_orders,total_spend,days_since_last,is_churned,churn_probability,churn_risk_band,predicted_churn
CUST00661,30,At-Risk,3,241902.0,23,1,0.9937,High,1
CUST00151,32,At-Risk,1,49903.58,3,1,0.9936,High,1
CUST00245,36,At-Risk,1,27546.3,248,1,0.9933,High,1
CUST00153,46,At-Risk,1,288630.41,320,1,0.9931,High,1
CUST00004,35,At-Risk,3,143481.8,15,1,0.9927,High,1
CUST00135,40,At-Risk,1,15581.63,7,1,0.9925,High,1
CUST00930,47,At-Risk,1,85578.19,59,1,0.9921,High,1
CUST00331,36,At-Risk,3,157798.35,29,1,0.9919,High,1
CUST00582,36,At-Risk,1,29111.08,243,1,0.9919,High,1
CUST00145,44,At-Risk,1,25748.88,133,1,0.9913,High,1
CUST00980,44,At-Risk,1,2124.1,138,1,0.9909,High,1
CUST00693,43,At-Risk,1,13104.18,11,1,0.9908,High,1
CUST00979,42,At-Risk,2,202110.84,14,1,0.9908,High,1
CUST00971,42,At-Risk,1,145215.47,279,1,0.989,High,1
CUST00415,45,At-Risk,1,44070.49,6,1,0.9885,High,1
CUST00630,53,At-Risk,1,40491.32,140,1,0.9884,High,1
CUST00428,59,At-Risk,1,36456.84,233,1,0.9874,High,1
CUST00725,48,At-Risk,2,86514.63,561,1,0.9872,High,1
CUST00213,34,At-Risk,1,61482.8,277,1,0.987,High,1
CUST00377,33,At-Risk,3,108983.17,117,1,0.9866,High,1
CUST00881,57,At-Risk,1,20615.84,217,1,0.9865,High,1
CUST00359,53,At-Risk,1,42859.72,68,1,0.986,High,1
CUST00278,62,At-Risk,1,10532.75,286,1,0.9857,High,1
CUST00879,42,At-Risk,1,32324.12,59,1,0.9851,High,1
CUST00063,48,At-Risk,1,12529.93,24,1,0.9848,High,1
CUST00502,36,At-Risk,1,9746.57,654,1,0.9847,High,1
CUST00921,30,At-Risk,2,202913.28,154,1,0.9841,High,1
CUST00132,34,At-Risk,2,49609.26,217,1,0.9839,High,1
CUST00417,41,At-Risk,1,15619.79,54,1,0.9836,High,1
CUST00545,52,At-Risk,1,13948.15,253,1,0.9833,High,1
CUST00786,45,At-Risk,3,192457.59,41,1,0.9832,High,1
CUST00519,48,At-Risk,1,93956.86,13,1,0.9815,High,1
CUST00504,44,At-Risk,1,10548.52,242,1,0.9806,High,1
CUST00405,35,At-Risk,1,1362.53,362,1,0.9797,High,1
CUST00399,33,At-Risk,2,44966.39,48,1,0.9795,High,1
CUST00282,46,At-Risk,1,156317.13,539,1,0.9787,High,1
CUST00866,46,At-Risk,2,4735.099999999999,29,1,0.9782,High,1
CUST00372,61,At-Risk,1,37248.67,399,1,0.9776,High,1
CUST00565,46,At-Risk,1,17698.75,350,1,0.9775,High,1
CUST00876,59,At-Risk,1,21040.09,96,1,0.9756,High,1
CUST00631,52,At-Risk,1,38750.4,406,1,0.9742,High,1
CUST00184,65,At-Risk,1,15834.58,55,1,0.9732,High,1
CUST00170,52,At-Risk,1,49247.5,232,1,0.9728,High,1
CUST00841,45,At-Risk,1,149163.48,507,1,0.9728,High,1
CUST00337,36,At-Risk,1,1776.99,650,1,0.9721,High,1
CUST00718,54,At-Risk,2,75996.56,197,1,0.9716,High,1
CUST00990,44,At-Risk,1,2768.74,102,1,0.971,High,1
CUST00065,35,At-Risk,1,31153.75,126,1,0.9706,High,1
CUST00580,50,At-Risk,2,48918.12,387,1,0.9693,High,1
CUST00710,29,At-Risk,1,34579.26,25,1,0.9691,High,1
CUST00456,66,At-Risk,2,173370.01,35,1,0.9691,High,1
CUST00433,32,At-Risk,1,6869.9,354,1,0.969,High,1
CUST00659,47,At-Risk,1,23563.62,290,1,0.9682,High,1
CUST00264,55,At-Risk,1,37872.91,41,1,0.9676,High,1
CUST00146,52,At-Risk,1,87807.86,40,1,0.9674,High,1
CUST00154,37,At-Risk,1,7269.68,73,1,0.9672,High,1
CUST00009,24,At-Risk,1,173211.87,186,1,0.9671,High,1
CUST00067,47,At-Risk,1,3533.54,561,1,0.9656,High,1
CUST00552,39,At-Risk,2,122599.46,80,1,0.9648,High,1
CUST00130,59,At-Risk,1,3712.85,220,1,0.963,High,1
CUST00446,23,At-Risk,1,537873.55,839,1,0.961,High,1
CUST00787,48,At-Risk,1,40464.95,216,1,0.9598,High,1
CUST00546,51,At-Risk,1,1179.58,248,1,0.9587,High,1
CUST00903,24,At-Risk,1,89499.01,284,1,0.9584,High,1
CUST00335,54,At-Risk,1,9455.44,164,1,0.956,High,1
CUST00247,40,At-Risk,1,16698.16,244,1,0.9558,High,1
CUST00272,54,At-Risk,1,139885.25,715,1,0.9554,High,1
CUST00761,49,At-Risk,1,1718.58,28,1,0.9548,High,1
CUST00273,51,At-Risk,1,29010.41,64,1,0.9539,High,1
CUST00697,37,At-Risk,1,55013.72,70,1,0.9493,High,1
CUST00144,62,At-Risk,1,14033.53,325,0,0.9473,High,1
CUST00799,31,At-Risk,1,1292.19,181,1,0.9471,High,1
CUST00527,45,At-Risk,1,17538.25,296,1,0.9419,High,1
CUST00224,49,At-Risk,1,12054.63,80,0,0.9292,High,1
CUST00043,35,At-Risk,1,57177.52,123,0,0.9215,High,1
CUST00704,29,At-Risk,1,119939.4,676,1,0.9193,High,1
CUST00263,45,At-Risk,1,21157.32,205,0,0.9189,High,1
CUST00625,34,At-Risk,1,6587.57,2,1,0.9188,High,1
CUST00713,25,At-Risk,1,12914.26,161,1,0.895,High,1
CUST00270,36,At-Risk,1,1954.34,432,1,0.8856,High,1
CUST00315,55,At-Risk,1,2774.21,110,0,0.8733,High,1
CUST00792,45,At-Risk,1,13142.6,196,0,0.8431,High,1
CUST00970,27,At-Risk,1,4950.98,197,1,0.8303,High,1
CUST00125,66,At-Risk,2,18642.24,71,1,0.7528,High,1
CUST00658,36,At-Risk,1,43005.77,53,0,0.7263,High,1
CUST00093,46,At-Risk,1,168008.11,120,0,0.7137,High,1
CUST00673,59,At-Risk,1,159174.14,11,1,0.7132,High,1
CUST00690,49,At-Risk,1,39702.92,371,0,0.7116,High,1
CUST00912,61,At-Risk,1,67065.01,233,0,0.7069,High,1
CUST00874,43,At-Risk,2,21880.05,8,0,0.6919,High,1
CUST00361,56,At-Risk,1,27829.19,373,0,0.6406,High,1
CUST00560,51,At-Risk,1,22850.0,65,0,0.5362,Medium,1
CUST00755,38,At-Risk,2,168831.01,92,0,0.5332,Medium,1
CUST00310,54,At-Risk,1,5763.3,3,1,0.5307,Medium,1
CUST00388,62,At-Risk,1,24926.47,462,1,0.5247,Medium,1
CUST00003,48,At-Risk,1,111528.08,38,0,0.5142,Medium,1
CUST00583,34,At-Risk,2,413103.59,289,1,0.479,Medium,0
CUST00762,44,At-Risk,1,19710.56,245,0,0.4697,Medium,0
CUST00464,51,At-Risk,1,33027.22,34,0,0.4606,Medium,0
CUST00115,37,At-Risk,1,16596.03,274,0,0.4572,Medium,0
CUST00802,23,At-Risk,1,36145.0,42,0,0.4342,Medium,0
CUST00826,54,At-Risk,1,29158.77,109,0,0.4319,Medium,0
CUST00304,47,At-Risk,1,4292.42,338,0,0.4164,Medium,0
CUST00347,41,At-Risk,1,48974.81,94,0,0.411,Medium,0
CUST00200,60,At-Risk,1,59557.34,50,0,0.3819,Medium,0
CUST00838,59,At-Risk,1,17813.9,295,0,0.3695,Medium,0
CUST00288,50,At-Risk,2,67902.98,93,0,0.3618,Medium,0
CUST00408,41,At-Risk,1,14927.26,388,0,0.345,Medium,0
CUST00239,52,At-Risk,1,3356.86,69,0,0.3324,Medium,0
CUST00571,41,At-Risk,1,164052.14,763,0,0.3105,Medium,0
CUST00798,36,At-Risk,1,185952.0,579,0,0.3104,Medium,0
CUST00637,45,At-Risk,1,525.86,57,0,0.3039,Medium,0
CUST00256,55,At-Risk,1,25390.0,597,0,0.3013,Medium,0
CUST00732,41,At-Risk,1,1329.79,474,0,0.2907,Low,0
CUST00904,54,At-Risk,1,392.78,659,0,0.2799,Low,0
CUST00966,51,At-Risk,1,7737.54,36,0,0.2792,Low,0
CUST00188,52,At-Risk,1,9186.33,230,0,0.2673,Low,0
CUST00509,37,At-Risk,1,114368.26,210,0,0.2574,Low,0
CUST00862,31,At-Risk,1,3023.4,8,0,0.2506,Low,0
CUST00877,61,At-Risk,1,21076.43,391,0,0.2407,Low,0
CUST00891,33,At-Risk,3,319672.59,223,0,0.2372,Low,0
CUST00197,27,At-Risk,3,55128.15,194,0,0.2338,Low,0
CUST00462,65,At-Risk,2,41016.93,13,0,0.2313,Low,0
CUST00542,50,At-Risk,1,179782.28,29,0,0.2221,Low,0
CUST00506,45,At-Risk,1,4494.08,333,0,0.2176,Low,0
CUST00169,39,At-Risk,1,11949.38,379,0,0.1986,Low,0
CUST00168,36,At-Risk,1,1819.67,5,0,0.1966,Low,0
CUST00136,51,At-Risk,1,881.83,457,0,0.1915,Low,0
CUST00220,54,At-Risk,1,215679.94,167,0,0.1821,Low,0
CUST00320,55,At-Risk,1,7737.54,90,0,0.1464,Low,0
CUST00853,52,At-Risk,2,32205.3,9,0,0.127,Low,0
CUST00283,45,At-Risk,1,3117.83,43,0,0.1144,Low,0
CUST00230,38,At-Risk,1,27939.43,399,0,0.0949,Low,0
CUST00052,55,At-Risk,1,5463.54,116,0,0.0808,Low,0
CUST00006,51,At-Risk,1,8777.58,366,0,0.0806,Low,0
CUST00148,49,At-Risk,1,119700.65,50,0,0.0701,Low,0
CUST00636,41,At-Risk,3,333163.97,106,1,0.0696,Low,0
CUST00811,44,At-Risk,1,6015.76,560,0,0.0687,Low,0
CUST00082,43,At-Risk,2,22228.28,399,0,0.0616,Low,0
CUST00781,35,At-Risk,1,18291.25,433,0,0.0545,Low,0
CUST00562,41,At-Risk,1,9077.32,366,0,0.0472,Low,0
CUST00691,36,At-Risk,1,20151.86,499,0,0.0328,Low,0
CUST00851,40,At-Risk,1,4793.45,374,1,0.0271,Low,0
CUST00339,46,Occasional,2,52581.1,302,0,0.0254,Low,0
CUST00053,37,Occasional,2,3095.13,183,0,0.0184,Low,0
CUST00976,36,Occasional,1,1484.12,331,0,0.0159,Low,0
CUST00584,44,Occasional,2,92368.38,63,0,0.0153,Low,0
CUST00376,48,Regular,1,1831.46,296,0,0.0151,Low,0
CUST00727,22,Regular,1,2003.56,251,0,0.015,Low,0
CUST00774,29,Regular,2,132147.59,25,0,0.0145,Low,0
CUST00075,33,Regular,3,114005.0,7,0,0.0142,Low,0
CUST00944,33,Occasional,2,107063.11,26,0,0.014,Low,0
CUST00711,34,Occasional,1,16426.86,278,0,0.0139,Low,0
CUST00785,25,Occasional,1,2651.92,165,0,0.0112,Low,0
CUST00497,33,Occasional,1,496.65,298,0,0.0108,Low,0
CUST00846,43,Occasional,1,29074.66,308,0,0.0104,Low,0
CUST00533,20,Occasional,1,374751.52,576,0,0.0101,Low,0
CUST00296,33,Occasional,1,42200.86,257,0,0.0094,Low,0
CUST00072,66,Occasional,2,106801.94,261,0,0.0094,Low,0
CUST00954,33,Occasional,1,9303.81,203,0,0.0091,Low,0
CUST00241,36,Regular,3,76804.44,12,0,0.0085,Low,0
CUST00440,31,Occasional,2,5154.35,329,0,0.0083,Low,0
CUST00566,36,Occasional,1,12759.02,240,0,0.008,Low,0
CUST00958,31,Regular,1,32722.45,303,0,0.0077,Low,0
CUST00149,24,Occasional,2,143942.34,24,0,0.0077,Low,0
CUST00698,34,Regular,1,12151.83,539,0,0.0077,Low,0
CUST00701,32,Occasional,1,12686.13,94,0,0.0075,Low,0
CUST00937,42,Occasional,2,181916.26,8,0,0.0074,Low,0
CUST00128,48,Occasional,2,122240.02,225,0,0.0074,Low,0
CUST00557,18,Occasional,3,105684.61,19,0,0.0073,Low,0
CUST00479,25,Regular,3,143774.03,12,0,0.007,Low,0
CUST00141,34,Occasional,2,9779.32,57,0,0.007,Low,0
CUST00778,34,Regular,1,350.11,118,0,0.0068,Low,0
CUST00008,35,Occasional,2,54543.77,504,0,0.0068,Low,0
CUST00948,34,Occasional,1,2389.53,72,0,0.0067,Low,0
CUST00437,31,Occasional,3,145288.61,21,0,0.0063,Low,0
CUST00243,44,Occasional,1,53690.08,22,0,0.0063,Low,0
CUST00724,35,Regular,3,73313.63,62,0,0.0062,Low,0
CUST00101,33,Occasional,3,89246.02,11,0,0.0062,Low,0
CUST00740,48,Occasional,1,13997.91,59,0,0.0062,Low,0
CUST00886,26,Regular,4,124674.1,17,0,0.0061,Low,0
CUST00795,30,Occasional,1,8639.84,315,0,0.006,Low,0
CUST00522,31,Occasional,1,7403.92,161,0,0.006,Low,0
CUST00605,33,Occasional,2,145015.06999999998,73,0,0.0059,Low,0
CUST00618,31,Regular,1,85929.06,383,0,0.0059,Low,0
CUST00994,31,Regular,3,122859.11,71,0,0.0059,Low,0
CUST00962,35,Occasional,3,227120.55,10,0,0.0058,Low,0
CUST00044,26,Occasional,1,255701.35,334,0,0.0057,Low,0
CUST00027,34,Occasional,1,3007.88,634,0,0.0057,Low,0
CUST00620,37,Occasional,1,32727.02,242,0,0.0057,Low,0
CUST00441,36,Occasional,1,3662.92,342,0,0.0056,Low,0
CUST00198,45,Regular,3,147401.30000000002,37,0,0.0056,Low,0
CUST00176,49,Occasional,1,51623.66,494,0,0.0055,Low,0
CUST00945,29,Occasional,3,76437.92,406,0,0.0054,Low,0
CUST00214,21,Occasional,1,17427.35,245,0,0.0054,Low,0
CUST00738,23,Regular,3,168024.63,12,0,0.0053,Low,0
CUST00407,22,Occasional,1,11254.92,543,0,0.0052,Low,0
CUST00443,30,Occasional,2,183803.54,135,0,0.0052,Low,0
CUST00290,30,Occasional,1,1844.93,468,0,0.0052,Low,0
CUST00978,34,Regular,3,99378.9,117,0,0.0052,Low,0
CUST00435,28,Regular,1,37109.94,230,0,0.0051,Low,0
CUST00416,18,Occasional,1,3116.18,156,0,0.005,Low,0
CUST00551,39,Occasional,2,71661.56,6,0,0.0048,Low,0
CUST00242,25,Occasional,1,1568.52,692,0,0.0048,Low,0
CUST00666,30,Occasional,2,125048.05,180,0,0.0048,Low,0
CUST00047,33,Occasional,1,97219.12,354,0,0.0047,Low,0
CUST00248,52,Regular,3,105469.9,15,0,0.0047,Low,0
CUST00789,49,Occasional,1,49712.42,482,0,0.0047,Low,0
CUST00850,18,Occasional,3,194823.25,26,0,0.0047,Low,0
CUST00055,31,Occasional,2,77256.68,582,0,0.0047,Low,0
CUST00124,48,Occasional,2,57907.68,150,0,0.0046,Low,0
CUST00403,47,Regular,4,136770.58,12,0,0.0046,Low,0
CUST00236,36,Occasional,2,78188.98,36,0,0.0046,Low,0
CUST00229,42,Regular,1,138067.61,282,0,0.0045,Low,0
CUST00555,29,Premium,7,553180.86,15,0,0.0045,Low,0
CUST00458,36,Occasional,1,2445.15,57,0,0.0044,Low,0
CUST00859,18,Occasional,1,207355.01,394,0,0.0044,Low,0
CUST00299,26,Regular,2,161015.88999999998,34,0,0.0044,Low,0
CUST00782,18,Occasional,1,202887.69,456,0,0.0043,Low,0
CUST00469,33,Regular,3,112403.52,179,0,0.0043,Low,0
CUST00396,46,Occasional,1,202.4,246,0,0.0043,Low,0
CUST00717,24,Regular,2,246177.88,265,0,0.0042,Low,0
CUST00309,26,Occasional,1,17188.84,220,0,0.0042,Low,0
CUST00801,34,Occasional,1,48643.4,267,0,0.0041,Low,0
CUST00064,36,Occasional,1,14503.79,487,0,0.0041,Low,0
CUST00204,27,Occasional,1,123563.89,8,0,0.0041,Low,0
CUST00867,19,Occasional,1,14937.49,155,0,0.0041,Low,0
CUST00817,18,Occasional,1,223655.74,232,0,0.004,Low,0
CUST00210,31,Regular,2,15636.8,73,0,0.0039,Low,0
CUST00430,26,Occasional,3,389045.89,365,0,0.0039,Low,0
CUST00543,22,Occasional,1,145768.75,504,0,0.0039,Low,0
CUST00736,19,Regular,1,5617.84,237,0,0.0038,Low,0
CUST00074,28,Occasional,2,83204.0,56,0,0.0038,Low,0
CUST00023,35,Occasional,1,3032.39,495,0,0.0037,Low,0
CUST00117,31,Regular,3,137203.4,170,0,0.0036,Low,0
CUST00287,23,Occasional,2,162724.91999999998,33,0,0.0036,Low,0
CUST00870,20,Occasional,2,191428.4,142,0,0.0036,Low,0
CUST00825,29,Regular,3,197265.46,213,0,0.0036,Low,0
CUST00541,23,Occasional,2,186864.78,9,0,0.0035,Low,0
CUST00352,27,Regular,1,88718.58,81,0,0.0035,Low,0
CUST00413,33,Regular,1,51868.4,130,0,0.0035,Low,0
CUST00663,24,Occasional,3,298204.26,2,0,0.0035,Low,0
CUST00689,29,Occasional,3,124677.30999999998,294,0,0.0035,Low,0
CUST00094,37,Regular,3,6437.09,34,0,0.0035,Low,0
CUST00828,44,Occasional,1,7199.0,41,0,0.0035,Low,0
CUST00179,38,Occasional,2,5063.3,61,0,0.0034,Low,0
CUST00382,29,Occasional,3,288196.38,235,0,0.0033,Low,0
CUST00465,42,Occasional,1,33508.32,122,0,0.0033,Low,0
CUST00719,28,Occasional,2,47973.51,30,0,0.0033,Low,0
CUST00865,27,Occasional,1,11931.47,124,0,0.0032,Low,0
CUST00397,34,Regular,1,39037.21,143,0,0.0032,Low,0
CUST00556,20,Occasional,2,71701.4,2,0,0.0032,Low,0
CUST00707,27,Regular,3,84936.47,520,0,0.0032,Low,0
CUST00338,19,Occasional,1,16772.51,727,0,0.0032,Low,0
CUST00965,20,Occasional,2,80195.43,39,0,0.0032,Low,0
CUST00654,22,Occasional,1,8309.81,71,0,0.0031,Low,0
CUST00334,36,Occasional,2,1987.04,77,0,0.0031,Low,0
CUST00485,23,Occasional,1,11641.21,124,0,0.0031,Low,0
CUST00421,34,Regular,2,69137.28,52,0,0.0031,Low,0
CUST00434,44,Regular,8,385408.11,8,0,0.0031,Low,0
CUST00432,27,Occasional,1,146838.25,430,0,0.0031,Low,0
CUST00473,38,Regular,4,94095.35,11,0,0.003,Low,0
CUST00090,20,Occasional,1,16539.13,22,0,0.003,Low,0
CUST00835,38,Occasional,1,2820.38,205,0,0.003,Low,0
CUST00734,22,Occasional,1,57909.18,34,0,0.003,Low,0
CUST00070,44,Occasional,1,10445.68,685,0,0.003,Low,0
CUST00387,19,Occasional,1,141788.99,160,0,0.0029,Low,0
CUST00194,31,Premium,5,180675.95,19,0,0.0029,Low,0
CUST00250,26,Occasional,2,45759.21,239,0,0.0029,Low,0
CUST00911,32,Occasional,1,20128.8,13,0,0.0029,Low,0
CUST00940,47,Regular,4,247217.49,17,0,0.0028,Low,0
CUST00941,40,Occasional,1,52875.46,28,0,0.0028,Low,0
CUST00460,20,Regular,1,9140.23,168,0,0.0028,Low,0
CUST00634,34,Occasional,2,64490.25,150,0,0.0027,Low,0
CUST00524,19,Occasional,1,121292.8,57,0,0.0027,Low,0
CUST00611,34,Occasional,1,13280.79,163,0,0.0027,Low,0
CUST00159,18,Regular,7,495672.8000000001,19,0,0.0027,Low,0
CUST00438,37,Regular,1,17364.17,326,0,0.0027,Low,0
CUST00516,44,Occasional,2,3890.39,6,0,0.0026,Low,0
CUST00730,48,Occasional,1,7149.71,35,0,0.0026,Low,0
CUST00454,25,Regular,3,169812.39,78,0,0.0026,Low,0
CUST00018,29,Regular,7,431881.18000000005,14,0,0.0026,Low,0
CUST00814,29,Regular,8,450580.93,14,0,0.0026,Low,0
CUST00237,48,Occasional,1,43563.89,176,0,0.0026,Low,0
CUST00657,36,Regular,5,129630.72,12,0,0.0026,Low,0
CUST00991,26,Regular,1,8853.86,63,0,0.0026,Low,0
CUST00775,24,Occasional,2,75516.82,363,0,0.0026,Low,0
CUST00827,29,Regular,5,443802.27,75,0,0.0026,Low,0
CUST00916,47,Regular,4,362727.99,405,0,0.0026,Low,0
CUST00597,40,Occasional,2,61745.29,272,0,0.0025,Low,0
CUST00861,36,Occasional,1,139655.87,13,0,0.0025,Low,0
CUST00327,26,Regular,5,130517.07,4,0,0.0025,Low,0
CUST00089,18,Regular,3,222765.72,21,0,0.0025,Low,0
CUST00015,53,Regular,6,158288.99,64,0,0.0025,Low,0
CUST00218,18,Regular,1,198766.64,65,0,0.0025,Low,0
CUST00821,35,Occasional,2,20063.78,16,0,0.0024,Low,0
CUST00123,28,Regular,1,257449.65,215,0,0.0024,Low,0
CUST00805,42,Premium,10,273526.88,19,0,0.0024,Low,0
CUST00752,19,Occasional,2,106446.2,261,0,0.0023,Low,0
CUST00840,40,Regular,6,138243.44,11,0,0.0023,Low,0
CUST00022,28,Occasional,2,175360.55,347,0,0.0023,Low,0
CUST00386,33,Occasional,1,109196.64,433,0,0.0023,Low,0
CUST00737,32,Occasional,1,25715.18,778,0,0.0023,Low,0
CUST00577,21,Regular,3,241033.09,232,0,0.0023,Low,0
CUST00531,35,Regular,1,2807.92,92,0,0.0023,Low,0
CUST00741,27,Regular,13,498813.75,25,0,0.0023,Low,0
CUST00576,26,Regular,2,124476.19,117,0,0.0023,Low,0
CUST00872,40,Occasional,2,6895.450000000001,237,0,0.0023,Low,0
CUST00100,18,Occasional,2,120048.09,256,0,0.0022,Low,0
CUST00233,19,Occasional,1,24510.28,5,0,0.0022,Low,0
CUST00420,33,Regular,3,77520.04,30,0,0.0022,Low,0
CUST00992,31,Occasional,1,13009.55,494,0,0.0022,Low,0
CUST00883,20,Occasional,1,1262.77,112,0,0.0022,Low,0
CUST00147,22,Occasional,1,11288.01,57,0,0.0022,Low,0
CUST00989,31,Occasional,1,12783.22,460,0,0.0022,Low,0
CUST00685,20,Occasional,1,279524.84,123,0,0.0022,Low,0
CUST00852,46,Occasional,1,4864.28,212,0,0.0022,Low,0
CUST00199,42,Premium,10,800443.58,15,0,0.0022,Low,0
CUST00816,28,Regular,1,22749.56,184,0,0.0022,Low,0
CUST00019,36,Occasional,1,5674.2,116,0,0.0022,Low,0
CUST00784,18,Occasional,1,13942.0,218,0,0.0022,Low,0
CUST00900,31,Occasional,1,9586.34,28,0,0.0021,Low,0
CUST00096,26,Regular,8,281691.05,29,0,0.0021,Low,0
CUST00558,27,Occasional,1,40020.79,193,0,0.0021,Low,0
CUST00857,22,Regular,7,445875.29,4,0,0.0021,Low,0
CUST00196,41,Regular,3,262524.19,23,0,0.0021,Low,0
CUST00501,23,Regular,4,168891.55,181,0,0.0021,Low,0
CUST00085,35,Occasional,1,659.7,95,0,0.0021,Low,0
CUST00354,46,Occasional,2,252058.42,30,0,0.0021,Low,0
CUST00746,34,Occasional,1,5581.04,586,0,0.0021,Low,0
CUST00253,29,Regular,10,646707.86,4,0,0.0021,Low,0
CUST00486,35,Occasional,2,60247.5,157,0,0.0021,Low,0
CUST00346,34,Regular,5,310981.94,11,0,0.0021,Low,0
CUST00780,23,Regular,8,410906.82,31,0,0.0021,Low,0
CUST00481,35,Premium,14,802689.4600000001,15,0,0.0021,Low,0
CUST00095,34,Occasional,1,229429.55,556,0,0.002,Low,0
CUST00217,43,Regular,9,554597.2,12,0,0.002,Low,0
CUST00178,22,Occasional,4,239980.87,4,0,0.002,Low,0
CUST00161,46,Regular,8,618983.77,18,0,0.002,Low,0
CUST00381,23,Occasional,3,223270.56000000003,63,0,0.002,Low,0
CUST00316,30,Premium,10,406149.21,19,0,0.002,Low,0
CUST00619,32,Regular,5,146926.89,99,0,0.002,Low,0
CUST00534,30,Premium,11,709960.41,9,0,0.002,Low,0
CUST00829,33,Premium,12,539242.29,9,0,0.002,Low,0
CUST00028,22,Regular,8,367213.53,3,0,0.002,Low,0
CUST00856,30,Occasional,2,207514.19,473,0,0.002,Low,0
CUST00370,29,Regular,8,459909.63,39,0,0.0019,Low,0
CUST00126,24,Regular,7,372957.11,70,0,0.0019,Low,0
CUST00205,44,Regular,4,137324.47999999998,371,0,0.0019,Low,0
CUST00783,30,Occasional,1,21917.57,106,0,0.0019,Low,0
CUST00559,34,Occasional,2,33178.36,183,0,0.0019,Low,0
CUST00765,24,Regular,8,444452.05,6,0,0.0019,Low,0
CUST00344,46,Premium,6,249571.86,35,0,0.0019,Low,0
CUST00348,28,Occasional,1,5983.62,166,0,0.0019,Low,0
CUST00249,40,Regular,8,282221.42,4,0,0.0019,Low,0
CUST00268,24,Regular,3,214062.37,146,0,0.0019,Low,0
CUST00267,29,Occasional,3,64785.59,65,0,0.0019,Low,0
CUST00649,26,Occasional,3,156751.41999999998,34,0,0.0019,Low,0
CUST00131,34,Regular,9,777950.1699999999,29,0,0.0019,Low,0
CUST00345,18,Regular,6,410516.75,2,0,0.0019,Low,0
CUST00592,20,Occasional,1,35743.96,41,0,0.0018,Low,0
CUST00394,34,Occasional,1,35389.2,86,0,0.0018,Low,0
CUST00049,32,Occasional,1,176860.07,250,0,0.0018,Low,0
CUST00511,33,Regular,6,147538.53,5,0,0.0018,Low,0
CUST00600,21,Regular,7,373819.83,10,0,0.0018,Low,0
CUST00227,44,Regular,3,521105.52,18,0,0.0018,Low,0
CUST00308,27,Regular,8,596069.26,11,0,0.0018,Low,0
CUST00684,32,Regular,9,539624.45,34,0,0.0018,Low,0
CUST00042,38,Occasional,1,58325.37,271,0,0.0018,Low,0
CUST00057,37,Occasional,1,5305.73,22,0,0.0018,Low,0
CUST00642,46,Premium,19,862965.88,33,0,0.0018,Low,0
CUST00422,30,Occasional,1,861.95,24,0,0.0018,Low,0
CUST00411,30,Premium,12,318786.69,61,0,0.0018,Low,0
CUST00276,26,Regular,3,385019.27,33,0,0.0018,Low,0
CUST00745,28,Occasional,2,53013.98,50,0,0.0017,Low,0
CUST00623,31,Occasional,3,136501.71,101,0,0.0017,Low,0
CUST00885,37,Occasional,1,30941.28,42,0,0.0017,Low,0
CUST00140,44,Regular,6,540522.8200000001,28,0,0.0017,Low,0
CUST00869,30,Regular,5,401976.11,39,0,0.0017,Low,0
CUST00644,24,Regular,7,435272.26,61,0,0.0017,Low,0
CUST00756,45,Regular,5,197100.47,23,0,0.0017,Low,0
CUST00364,29,Occasional,1,26838.4,314,0,0.0017,Low,0
CUST00772,35,Occasional,2,7467.96,575,0,0.0017,Low,0
CUST00806,35,Occasional,1,126120.09,538,0,0.0017,Low,0
CUST00839,23,Regular,8,557369.61,10,0,0.0017,Low,0
CUST00392,25,Regular,1,12329.89,586,0,0.0017,Low,0
CUST00461,31,Regular,9,633458.87,24,0,0.0017,Low,0
CUST00579,39,Occasional,1,10365.7,137,0,0.0017,Low,0
CUST00195,44,Occasional,2,15728.91,28,0,0.0017,Low,0
CUST00498,28,Regular,1,25365.24,71,0,0.0017,Low,0
CUST00492,23,Occasional,1,440.91,896,0,0.0017,Low,0
CUST00097,22,Regular,5,298904.95,37,0,0.0017,Low,0
CUST00635,32,Premium,14,1024145.77,16,0,0.0017,Low,0
CUST00086,46,Regular,5,125798.28,2,0,0.0017,Low,0
CUST00081,24,Regular,7,221120.4,24,0,0.0017,Low,0
CUST00472,35,Regular,4,227454.37,242,0,0.0016,Low,0
CUST00104,61,Regular,8,278370.81,22,0,0.0016,Low,0
CUST00617,27,Occasional,3,99772.34,135,0,0.0016,Low,0
CUST00788,38,Occasional,2,189247.51,33,0,0.0016,Low,0
CUST00513,27,Regular,4,249461.26,32,0,0.0016,Low,0
CUST00695,40,Regular,3,250934.73,10,0,0.0016,Low,0
CUST00056,28,Regular,4,141771.69999999998,168,0,0.0016,Low,0
CUST00647,34,Regular,3,56563.99,61,0,0.0016,Low,0
CUST00137,24,Occasional,1,1835.97,54,0,0.0016,Low,0
CUST00444,28,Regular,7,540736.11,33,0,0.0016,Low,0
CUST00051,29,Occasional,1,22780.1,136,0,0.0016,Low,0
CUST00924,34,Regular,4,305584.59,9,0,0.0016,Low,0
CUST00722,33,Occasional,2,62436.13,104,0,0.0016,Low,0
CUST00172,22,Regular,2,66794.54,57,0,0.0016,Low,0
CUST00152,21,Occasional,1,49719.16,32,0,0.0016,Low,0
CUST00181,30,Occasional,1,36513.4,519,0,0.0016,Low,0
CUST00360,29,Premium,10,479982.96,9,0,0.0016,Low,0
CUST00589,41,Regular,4,166143.2,13,0,0.0016,Low,0
CUST00362,42,Regular,6,247360.02,7,0,0.0016,Low,0
CUST00939,34,Occasional,1,49206.92,734,0,0.0015,Low,0
CUST00038,37,Premium,11,283558.14,15,0,0.0015,Low,0
CUST00295,27,Regular,11,458301.79,5,0,0.0015,Low,0
CUST00973,44,Regular,7,534027.1799999999,29,0,0.0015,Low,0
CUST00677,24,Regular,2,72956.67,13,0,0.0015,Low,0
CUST00496,20,Regular,6,453184.41,7,0,0.0015,Low,0
CUST00011,29,Occasional,3,65083.81999999999,25,0,0.0015,Low,0
CUST00020,43,Occasional,1,928.49,26,0,0.0015,Low,0
CUST00998,26,Regular,4,107208.33,295,0,0.0015,Low,0
CUST00832,28,Regular,8,408369.52,36,0,0.0015,Low,0
CUST00191,45,Occasional,1,5480.47,157,0,0.0015,Low,0
CUST00723,23,Occasional,2,16362.98,221,0,0.0015,Low,0
CUST00670,32,Regular,6,87199.02,2,0,0.0015,Low,0
CUST00608,18,Regular,10,297110.12,39,0,0.0015,Low,0
CUST00373,32,Regular,3,16418.73,7,0,0.0015,Low,0
CUST00518,43,Premium,12,931089.07,13,0,0.0015,Low,0
CUST00931,30,Premium,9,675102.56,5,0,0.0014,Low,0
CUST00025,35,Premium,15,1077656.72,7,0,0.0014,Low,0
CUST00890,22,Regular,1,146053.46,81,0,0.0014,Low,0
CUST00961,30,Regular,5,346430.09,14,0,0.0014,Low,0
CUST00431,26,Occasional,2,48809.03999999999,195,0,0.0014,Low,0
CUST00936,21,Regular,3,86163.34,168,0,0.0014,Low,0
CUST00380,33,Occasional,2,6335.629999999999,72,0,0.0014,Low,0
CUST00521,23,Regular,1,119269.68,196,0,0.0014,Low,0
CUST00251,43,Regular,9,735669.4600000001,3,0,0.0014,Low,0
CUST00764,32,Regular,2,45130.56,499,0,0.0014,Low,0
CUST00616,43,Premium,11,688171.22,9,0,0.0014,Low,0
CUST00590,35,Premium,15,572126.39,2,0,0.0014,Low,0
CUST00216,28,Regular,6,304027.82,14,0,0.0014,Low,0
CUST00864,44,Premium,14,840286.33,30,0,0.0014,Low,0
CUST00493,35,Occasional,2,24442.69,128,0,0.0014,Low,0
CUST00812,34,Occasional,2,30339.29,13,0,0.0014,Low,0
CUST00160,33,Regular,4,160775.68,58,0,0.0014,Low,0
CUST00463,51,Occasional,1,43243.81,75,0,0.0014,Low,0
CUST00451,26,Occasional,1,2875.65,385,0,0.0014,Low,0
CUST00031,28,Regular,4,131796.63999999998,270,0,0.0014,Low,0
CUST00010,42,Regular,1,2235.14,450,0,0.0014,Low,0
CUST00918,23,Regular,7,293933.24,61,0,0.0013,Low,0
CUST00914,22,Occasional,4,642749.97,21,0,0.0013,Low,0
CUST00426,34,Premium,8,237332.72,6,0,0.0013,Low,0
CUST00436,31,Occasional,1,31715.32,748,0,0.0013,Low,0
CUST00888,30,Occasional,2,16623.280000000002,191,0,0.0013,Low,0
CUST00882,20,Premium,7,184672.38,18,0,0.0013,Low,0
CUST00837,36,Regular,5,110620.56,3,0,0.0013,Low,0
CUST00079,44,Regular,11,714006.35,59,0,0.0013,Low,0
CUST00303,35,Occasional,2,158547.28,37,0,0.0013,Low,0
CUST00581,33,Regular,5,218295.18,32,0,0.0013,Low,0
CUST00068,24,Regular,4,96442.08,180,0,0.0013,Low,0
CUST00059,30,Regular,7,398449.15,42,0,0.0013,Low,0
CUST00045,22,Occasional,1,3617.04,79,0,0.0013,Low,0
CUST00955,33,Occasional,2,40082.55,198,0,0.0013,Low,0
CUST00650,18,Regular,6,131905.06,10,0,0.0013,Low,0
CUST00107,22,Occasional,1,315.69,75,0,0.0013,Low,0
CUST00505,34,Occasional,2,264936.11,31,0,0.0013,Low,0
CUST00797,39,Regular,5,190821.57,29,0,0.0013,Low,0
CUST00665,38,Occasional,3,165005.69999999998,80,0,0.0013,Low,0
CUST00975,38,Occasional,3,93846.68,136,0,0.0012,Low,0
CUST00972,26,Regular,5,169541.94,349,0,0.0012,Low,0
CUST00122,32,Occasional,1,230820.02,228,0,0.0012,Low,0
CUST00791,25,Occasional,1,21878.08,263,0,0.0012,Low,0
CUST00793,33,Premium,10,541487.12,28,0,0.0012,Low,0
CUST00284,41,Occasional,1,1108.68,56,0,0.0012,Low,0
CUST00517,39,Regular,2,88345.24,158,0,0.0012,Low,0
CUST00257,53,Premium,9,849307.73,25,0,0.0012,Low,0
CUST00668,31,Premium,9,256674.96,63,0,0.0012,Low,0
CUST00507,22,Occasional,1,7149.71,52,0,0.0012,Low,0
CUST00271,34,Regular,6,196581.08,34,0,0.0012,Low,0
CUST00603,28,Regular,6,159822.6,72,0,0.0012,Low,0
CUST00007,31,Regular,8,622456.41,62,0,0.0012,Low,0
CUST00037,24,Premium,7,386572.48,67,0,0.0012,Low,0
CUST00952,43,Premium,14,1048366.33,37,0,0.0012,Low,0
CUST00300,38,Regular,5,76829.8,13,0,0.0012,Low,0
CUST00627,49,Occasional,2,14318.53,10,0,0.0012,Low,0
CUST00318,31,Occasional,1,228437.07,169,0,0.0012,Low,0
CUST00537,26,Regular,3,67092.51000000001,54,0,0.0012,Low,0
CUST00406,37,Regular,5,316355.51,3,0,0.0012,Low,0
CUST00190,52,Occasional,1,343.88,124,0,0.0012,Low,0
CUST00523,33,Regular,7,344428.35,15,0,0.0012,Low,0
CUST00223,47,Regular,8,328286.04,34,0,0.0012,Low,0
CUST00150,34,Premium,14,1339224.63,2,0,0.0012,Low,0
CUST00902,30,Regular,9,660131.14,67,0,0.0012,Low,0
CUST00919,49,Regular,7,228198.83,11,0,0.0012,Low,0
CUST00917,34,Regular,4,164062.87,287,0,0.0012,Low,0
CUST00393,18,Occasional,3,511682.15,102,0,0.0012,Low,0
CUST00395,24,Regular,2,5907.860000000001,25,0,0.0012,Low,0
CUST00480,38,Occasional,2,87220.84,353,0,0.0011,Low,0
CUST00455,36,Regular,9,235403.23,6,0,0.0011,Low,0
CUST00452,42,Regular,8,373679.93,40,0,0.0011,Low,0
CUST00898,29,Regular,5,520197.33,25,0,0.0011,Low,0
CUST00909,26,Regular,3,578739.0900000001,203,0,0.0011,Low,0
CUST00171,26,Occasional,1,5827.7,410,0,0.0011,Low,0
CUST00080,39,Regular,7,279324.17000000004,27,0,0.0011,Low,0
CUST00258,35,Regular,4,137279.11,45,0,0.0011,Low,0
CUST00750,34,Occasional,2,21226.78,262,0,0.0011,Low,0
CUST00641,33,Regular,6,349353.37,76,0,0.0011,Low,0
CUST00332,31,Regular,9,468594.96,11,0,0.0011,Low,0
CUST00643,37,Occasional,3,69798.51,27,0,0.0011,Low,0
CUST00648,35,Regular,2,20422.16,208,0,0.0011,Low,0
CUST00319,27,Regular,4,234557.56,253,0,0.0011,Low,0
CUST00923,32,Regular,6,552596.19,69,0,0.0011,Low,0
CUST00060,39,Occasional,2,132327.94,311,0,0.0011,Low,0
CUST00963,28,Occasional,4,138439.05000000002,185,0,0.0011,Low,0
CUST00928,18,Regular,3,124927.9,205,0,0.0011,Low,0
CUST00040,36,Premium,12,699027.6599999999,15,0,0.0011,Low,0
CUST00612,21,Regular,9,633315.97,19,0,0.0011,Low,0
CUST00048,19,Regular,6,594232.78,22,0,0.0011,Low,0
CUST00995,46,Regular,3,72016.78,94,0,0.0011,Low,0
CUST00512,35,Premium,11,892350.0900000001,30,0,0.0011,Low,0
CUST00240,20,Occasional,1,7438.48,103,0,0.0011,Low,0
CUST00753,32,Regular,5,277238.16000000003,60,0,0.0011,Low,0
CUST00277,45,Occasional,1,8891.74,118,0,0.0011,Low,0
CUST00679,35,Occasional,1,35109.18,533,0,0.0011,Low,0
CUST00671,31,Premium,3,64449.94,633,0,0.0011,Low,0
CUST00672,42,Regular,9,547406.87,18,0,0.0011,Low,0
CUST00667,54,Regular,5,274649.19,64,0,0.0011,Low,0
CUST00293,28,Regular,9,449840.18,4,0,0.0011,Low,0
CUST00371,32,Occasional,2,25237.54,122,0,0.0011,Low,0
CUST00868,28,Occasional,2,133045.27,397,0,0.0011,Low,0
CUST00733,28,Regular,11,514697.58,55,0,0.0011,Low,0
CUST00410,29,Occasional,1,37452.55,82,0,0.001,Low,0
CUST00478,36,Regular,9,214297.95,38,0,0.001,Low,0
CUST00424,37,Premium,12,689543.75,8,0,0.001,Low,0
CUST00448,31,Occasional,2,170074.3,89,0,0.001,Low,0
CUST00932,34,Regular,6,146477.87,230,0,0.001,Low,0
CUST00058,59,Regular,5,105924.49,104,0,0.001,Low,0
CUST00016,41,Occasional,1,58877.98,245,0,0.001,Low,0
CUST00935,42,Premium,20,1184294.51,3,0,0.001,Low,0
CUST00613,23,Regular,8,257862.15,143,0,0.001,Low,0
CUST00621,56,Regular,2,23453.65,23,0,0.001,Low,0
CUST00951,25,Regular,8,263085.32,50,0,0.001,Low,0
CUST00632,36,Occasional,3,178174.72,44,0,0.001,Low,0
CUST00368,19,Occasional,1,25798.74,574,0,0.001,Low,0
CUST00340,43,Regular,10,694658.01,21,0,0.001,Low,0
CUST00588,24,Premium,10,454211.89,45,0,0.001,Low,0
CUST00660,29,Regular,4,145981.16999999998,70,0,0.001,Low,0
CUST00298,25,Regular,5,426593.24,4,0,0.001,Low,0
CUST00385,36,Regular,7,188366.11,61,0,0.001,Low,0
CUST00491,36,Occasional,1,39359.63,583,0,0.001,Low,0
CUST00483,30,Occasional,2,10039.28,403,0,0.001,Low,0
CUST00892,18,Occasional,2,83005.61,191,0,0.001,Low,0
CUST00849,35,Regular,3,11251.16,58,0,0.001,Low,0
CUST00156,24,Occasional,2,34962.880000000005,34,0,0.001,Low,0
CUST00823,24,Regular,1,13143.87,471,0,0.001,Low,0
CUST00400,25,Regular,5,220098.03,191,0,0.001,Low,0
CUST00810,27,Regular,9,461643.44,34,0,0.001,Low,0
CUST00809,23,Regular,2,263336.81,38,0,0.001,Low,0
CUST01000,27,Regular,8,496924.8000000001,152,0,0.001,Low,0
CUST00138,29,Regular,7,529753.77,15,0,0.001,Low,0
CUST00129,43,Premium,13,396563.78,4,0,0.001,Low,0
CUST00099,47,Regular,7,109809.58,22,0,0.001,Low,0
CUST00378,45,Regular,4,234769.84,187,0,0.001,Low,0
CUST00383,26,Regular,6,196953.2,120,0,0.001,Low,0
CUST00818,34,Occasional,1,119827.33,193,0,0.001,Low,0
CUST00766,35,Regular,11,312448.52,20,0,0.001,Low,0
CUST00201,26,Regular,7,289059.12,212,0,0.001,Low,0
CUST00715,35,Premium,13,486158.19,13,0,0.001,Low,0
CUST00261,39,Occasional,1,5049.9,171,0,0.001,Low,0
CUST00683,39,Premium,6,205533.78,4,0,0.001,Low,0
CUST00702,37,Occasional,3,381989.45,19,0,0.001,Low,0
CUST00564,43,Premium,8,235990.15,7,0,0.001,Low,0
CUST00626,32,Premium,15,905311.13,17,0,0.001,Low,0
CUST00651,33,Regular,13,375588.19,29,0,0.001,Low,0
CUST00209,18,Regular,4,483906.17,10,0,0.001,Low,0
CUST00084,26,Occasional,1,1115.34,375,0,0.001,Low,0
CUST00640,41,Regular,3,84438.42,98,0,0.001,Low,0
CUST00629,26,Occasional,1,4832.0,184,0,0.001,Low,0
CUST00609,24,Regular,6,242974.15,77,0,0.001,Low,0
CUST00906,52,Occasional,1,71007.09,100,0,0.0009,Low,0
CUST00155,35,Regular,5,222520.48,177,0,0.0009,Low,0
CUST00429,25,Regular,5,468082.33,16,0,0.0009,Low,0
CUST00418,34,Premium,12,399469.09,16,0,0.0009,Low,0
CUST00119,36,Occasional,1,33830.81,86,0,0.0009,Low,0
CUST00488,35,Occasional,3,478032.63,55,0,0.0009,Low,0
CUST00398,27,Regular,4,310950.68,31,0,0.0009,Low,0
CUST00402,32,Regular,6,332172.96,50,0,0.0009,Low,0
CUST00819,45,Regular,13,524065.1,9,0,0.0009,Low,0
CUST00820,44,Premium,15,771669.62,11,0,0.0009,Low,0
CUST00824,31,Occasional,2,209409.39,222,0,0.0009,Low,0
CUST00833,32,Occasional,1,4249.13,51,0,0.0009,Low,0
CUST00871,33,Regular,1,179358.47,68,0,0.0009,Low,0
CUST00228,40,Occasional,2,30233.480000000003,269,0,0.0009,Low,0
CUST00244,24,Occasional,1,490.98,63,0,0.0009,Low,0
CUST00221,32,Premium,9,605615.18,53,0,0.0009,Low,0
CUST00800,45,Regular,10,771761.3,69,0,0.0009,Low,0
CUST00192,35,Regular,6,150670.02,57,0,0.0009,Low,0
CUST00185,18,Occasional,2,11764.78,206,0,0.0009,Low,0
CUST00771,41,Premium,9,139919.26,17,0,0.0009,Low,0
CUST00674,27,Regular,1,4738.25,451,0,0.0009,Low,0
CUST00114,44,Premium,15,725957.06,14,0,0.0009,Low,0
CUST00113,37,Regular,1,6866.53,328,0,0.0009,Low,0
CUST00110,31,Regular,5,112669.02,37,0,0.0009,Low,0
CUST00105,35,Premium,8,503158.64,25,0,0.0009,Low,0
CUST00720,18,Occasional,1,19088.04,155,0,0.0009,Low,0
CUST00703,29,Occasional,2,4156.32,47,0,0.0009,Low,0
CUST00706,43,Occasional,1,29250.03,443,0,0.0009,Low,0
CUST00275,44,Occasional,1,3385.13,335,0,0.0009,Low,0
CUST00280,35,Occasional,1,188706.41,148,0,0.0009,Low,0
CUST00744,47,Regular,6,143660.77,41,0,0.0009,Low,0
CUST00544,25,Regular,2,27262.38,159,0,0.0009,Low,0
CUST00514,50,Occasional,2,260189.75,48,0,0.0009,Low,0
CUST00549,30,Regular,7,109182.68,17,0,0.0009,Low,0
CUST00500,34,Occasional,1,44406.11,191,0,0.0009,Low,0
CUST00508,37,Regular,3,14077.72,50,0,0.0009,Low,0
CUST00587,37,Premium,10,520872.06,55,0,0.0009,Low,0
CUST00066,26,Regular,6,304671.58,46,0,0.0009,Low,0
CUST00357,32,Premium,8,295751.43,121,0,0.0009,Low,0
CUST00363,41,Regular,11,669172.8200000001,14,0,0.0009,Low,0
CUST00366,20,Occasional,1,1968.59,4,0,0.0009,Low,0
CUST00087,35,Regular,6,234824.61,6,0,0.0009,Low,0
CUST00329,37,Occasional,1,153458.23,49,0,0.0009,Low,0
CUST00314,31,Regular,7,281283.75,21,0,0.0009,Low,0
CUST00036,30,Regular,4,303520.21,208,0,0.0009,Low,0
CUST00035,36,Occasional,2,144235.75,84,0,0.0009,Low,0
CUST00604,41,Regular,12,636073.9299999999,24,0,0.0009,Low,0
CUST00002,26,Regular,6,196924.98,60,0,0.0009,Low,0
CUST00926,36,Regular,3,57812.81,5,0,0.0009,Low,0
CUST00925,34,Regular,4,422773.29,28,0,0.0009,Low,0
CUST00041,42,Occasional,3,72936.46,115,0,0.0009,Low,0
CUST00032,38,Regular,4,220799.88,40,0,0.0009,Low,0
CUST00139,35,Regular,7,224954.51,5,0,0.0008,Low,0
CUST00412,31,Premium,10,499529.18,99,0,0.0008,Low,0
CUST00182,33,Regular,8,504393.77,9,0,0.0008,Low,0
CUST00880,25,Regular,7,317238.08,4,0,0.0008,Low,0
CUST00895,28,Occasional,3,474073.29,38,0,0.0008,Low,0
CUST00854,37,Regular,1,8591.39,380,0,0.0008,Low,0
CUST00638,32,Premium,19,827548.78,14,0,0.0008,Low,0
CUST00341,30,Regular,8,207716.22,44,0,0.0008,Low,0
CUST00594,28,Regular,1,24848.16,379,0,0.0008,Low,0
CUST00401,45,Premium,11,453258.07,9,0,0.0008,Low,0
CUST00822,35,Regular,5,367558.07,67,0,0.0008,Low,0
CUST00121,34,Regular,8,1144924.86,19,0,0.0008,Low,0
CUST00127,35,Regular,8,299823.06,39,0,0.0008,Low,0
CUST00390,46,Premium,10,528881.09,62,0,0.0008,Low,0
CUST00842,40,Occasional,1,9454.53,368,0,0.0008,Low,0
CUST00482,28,Regular,10,912080.74,7,0,0.0008,Low,0
CUST00494,32,Occasional,1,21798.17,688,0,0.0008,Low,0
CUST00836,23,Occasional,1,73487.44,158,0,0.0008,Low,0
CUST00342,24,Occasional,1,20047.89,2,0,0.0008,Low,0
CUST00358,36,Occasional,1,54696.38,604,0,0.0008,Low,0
CUST00246,38,Occasional,2,253292.97,20,0,0.0008,Low,0
CUST00808,33,Premium,10,385086.1,4,0,0.0008,Low,0
CUST00794,34,Premium,16,930027.81,26,0,0.0008,Low,0
CUST00796,46,Premium,16,1098926.33,10,0,0.0008,Low,0
CUST00207,18,Regular,8,435033.36,52,0,0.0008,Low,0
CUST00118,35,Premium,14,448058.75,59,0,0.0008,Low,0
CUST00949,42,Premium,12,918430.65,48,0,0.0008,Low,0
CUST00061,57,Regular,4,83293.63,243,0,0.0008,Low,0
CUST00929,32,Regular,4,253135.47,88,0,0.0008,Low,0
CUST00933,46,Premium,8,816853.06,5,0,0.0008,Low,0
CUST00427,30,Regular,6,135554.52,111,0,0.0008,Low,0
CUST00449,38,Premium,2,14323.96,174,0,0.0008,Low,0
CUST00957,43,Occasional,5,301957.07,69,0,0.0008,Low,0
CUST00676,25,Regular,7,304568.94,76,0,0.0008,Low,0
CUST00503,27,Regular,8,492424.44,30,0,0.0008,Low,0
CUST00281,29,Regular,1,4766.47,66,0,0.0008,Low,0
CUST00286,32,Regular,8,633718.99,285,0,0.0008,Low,0
CUST00108,21,Occasional,3,403773.12,73,0,0.0008,Low,0
CUST00682,30,Regular,9,254427.66,33,0,0.0008,Low,0
CUST00645,20,Premium,13,590682.34,10,0,0.0008,Low,0
CUST00529,32,Regular,4,82087.51,49,0,0.0008,Low,0
CUST00499,31,Premium,16,1185988.86,22,0,0.0008,Low,0
CUST00525,18,Regular,4,265747.5,60,0,0.0008,Low,0
CUST00495,26,Regular,2,56595.65,103,0,0.0008,Low,0
CUST00751,38,Occasional,2,69760.16,139,0,0.0008,Low,0
CUST00760,44,Regular,5,119780.48,116,0,0.0008,Low,0
CUST00759,36,Regular,7,748527.4299999999,5,0,0.0008,Low,0
CUST00232,32,Regular,6,290847.63,13,0,0.0008,Low,0
CUST00231,39,Premium,17,859354.06,28,0,0.0008,Low,0
CUST00351,33,Regular,6,120551.15,3,0,0.0008,Low,0
CUST00029,34,Regular,8,436543.84,7,0,0.0008,Low,0
CUST00459,33,Premium,10,709591.26,36,0,0.0008,Low,0
CUST00907,20,Occasional,1,57535.07,211,0,0.0008,Low,0
CUST00567,33,Premium,15,675570.04,6,0,0.0008,Low,0
CUST00692,50,Regular,7,500395.13,2,0,0.0008,Low,0
CUST00709,32,Premium,8,456964.23,165,0,0.0008,Low,0
CUST00083,34,Premium,15,858252.37,5,0,0.0008,Low,0
CUST00330,42,Occasional,1,8926.78,114,0,0.0008,Low,0
CUST00573,33,Regular,5,352603.06,2,0,0.0008,Low,0
CUST00984,19,Regular,6,429477.36,30,0,0.0008,Low,0
CUST00317,54,Premium,10,480395.86,12,0,0.0007,Low,0
CUST00306,37,Occasional,3,31531.5,195,0,0.0007,Low,0
CUST00313,34,Regular,8,524200.03,7,0,0.0007,Low,0
CUST00193,29,Regular,14,670074.41,75,0,0.0007,Low,0
CUST00208,18,Occasional,1,52305.92,809,0,0.0007,Low,0
CUST00813,41,Regular,8,788039.84,40,0,0.0007,Low,0
CUST00177,31,Occasional,3,50700.84,448,0,0.0007,Low,0
CUST00860,18,Occasional,1,6304.07,8,0,0.0007,Low,0
CUST00586,40,Premium,16,417700.55,32,0,0.0007,Low,0
CUST00639,29,Occasional,2,37451.92,209,0,0.0007,Low,0
CUST00602,35,Premium,19,1442233.77,29,0,0.0007,Low,0
CUST00607,55,Regular,6,722606.23,31,0,0.0007,Low,0
CUST00142,39,Occasional,2,45311.23,132,0,0.0007,Low,0
CUST00409,39,Premium,16,631857.4,33,0,0.0007,Low,0
CUST00484,35,Premium,12,657878.24,41,0,0.0007,Low,0
CUST00996,35,Regular,4,277490.78,7,0,0.0007,Low,0
CUST00596,23,Premium,11,485201.52,40,0,0.0007,Low,0
CUST00164,39,Regular,5,406340.14,3,0,0.0007,Low,0
CUST00212,32,Occasional,4,270078.08,9,0,0.0007,Low,0
CUST00830,30,Regular,8,227390.96,40,0,0.0007,Low,0
CUST00610,37,Occasional,3,19435.35,66,0,0.0007,Low,0
CUST00993,31,Occasional,2,415102.61,187,0,0.0007,Low,0
CUST00350,39,Premium,13,1004455.91,15,0,0.0007,Low,0
CUST00591,26,Occasional,1,22243.06,104,0,0.0007,Low,0
CUST00098,47,Premium,9,482099.22,130,0,0.0007,Low,0
CUST00653,39,Premium,11,251716.8,21,0,0.0007,Low,0
CUST00294,25,Regular,6,355632.27,330,0,0.0007,Low,0
CUST00292,33,Premium,8,187824.21,72,0,0.0007,Low,0
CUST00735,38,Occasional,4,391111.41,5,0,0.0007,Low,0
CUST00675,36,Premium,12,997476.74,36,0,0.0007,Low,0
CUST00510,24,Regular,4,483818.41,12,0,0.0007,Low,0
CUST00528,20,Regular,13,553607.17,35,0,0.0007,Low,0
CUST00355,18,Occasional,2,11473.11,147,0,0.0007,Low,0
CUST00238,37,Premium,1,633.5,36,0,0.0007,Low,0
CUST00767,47,Regular,3,521247.45,36,0,0.0007,Low,0
CUST00548,30,Regular,5,466018.18,201,0,0.0007,Low,0
CUST00538,28,Regular,6,392953.36,40,0,0.0007,Low,0
CUST00260,43,Occasional,1,8385.44,439,0,0.0007,Low,0
CUST00328,27,Regular,10,519416.69000000006,78,0,0.0007,Low,0
CUST00563,22,Regular,6,285991.91000000003,38,0,0.0007,Low,0
CUST00572,25,Regular,7,174594.26,31,0,0.0007,Low,0
CUST00686,33,Premium,14,1403332.47,2,0,0.0007,Low,0
CUST00570,20,Regular,6,196304.81,69,0,0.0007,Low,0
CUST00688,28,Regular,4,141874.43,60,0,0.0007,Low,0
CUST00694,28,Regular,1,20750.98,243,0,0.0007,Low,0
CUST00705,34,Premium,12,625590.83,6,0,0.0007,Low,0
CUST00986,37,Premium,12,645900.79,20,0,0.0007,Low,0
CUST00910,25,Regular,5,111133.2,117,0,0.0007,Low,0
CUST00467,29,Premium,15,1455228.05,61,0,0.0007,Low,0
CUST00425,38,Regular,5,288136.73,20,0,0.0007,Low,0
CUST00034,34,Regular,7,447516.25,164,0,0.0007,Low,0
CUST00942,32,Occasional,4,360841.02,15,0,0.0007,Low,0
CUST00021,30,Occasional,1,7041.95,53,0,0.0007,Low,0
CUST00024,26,Occasional,2,26929.04,236,0,0.0007,Low,0
CUST00967,31,Regular,8,344614.01,63,0,0.0006,Low,0
CUST00943,49,Occasional,1,20823.37,529,0,0.0006,Low,0
CUST00442,37,Premium,13,402898.11,2,0,0.0006,Low,0
CUST00927,24,Occasional,2,20897.01,2,0,0.0006,Low,0
CUST00922,30,Premium,10,151701.5,33,0,0.0006,Low,0
CUST00554,29,Regular,9,474248.02,69,0,0.0006,Low,0
CUST00696,37,Premium,17,1072553.05,6,0,0.0006,Low,0
CUST00981,41,Regular,10,522816.06000000006,28,0,0.0006,Low,0
CUST00712,33,Occasional,4,195221.91,175,0,0.0006,Low,0
CUST00474,37,Occasional,2,27075.17,39,0,0.0006,Low,0
CUST00655,37,Regular,9,326838.4,39,0,0.0006,Low,0
CUST00325,33,Regular,10,239740.9,96,0,0.0006,Low,0
CUST00721,18,Occasional,2,270988.79000000004,156,0,0.0006,Low,0
CUST00747,48,Regular,8,431409.36,5,0,0.0006,Low,0
CUST00754,26,Regular,9,135387.12,12,0,0.0006,Low,0
CUST00743,41,Premium,10,529384.1799999999,32,0,0.0006,Low,0
CUST00520,37,Premium,15,887784.6,7,0,0.0006,Low,0
CUST00259,20,Premium,18,530296.8,37,0,0.0006,Low,0
CUST00547,41,Regular,6,146608.88,97,0,0.0006,Low,0
CUST00219,32,Regular,8,662657.85,104,0,0.0006,Low,0
CUST00769,42,Regular,7,268046.65,50,0,0.0006,Low,0
CUST00804,18,Occasional,1,23196.92,50,0,0.0006,Low,0
CUST00211,36,Regular,5,168619.94,225,0,0.0006,Low,0
CUST00301,32,Regular,8,550030.4299999999,9,0,0.0006,Low,0
CUST00773,38,Premium,12,530752.87,41,0,0.0006,Low,0
CUST00077,32,Premium,3,244957.77,88,0,0.0006,Low,0
CUST00353,24,Regular,6,77999.09,62,0,0.0006,Low,0
CUST00234,27,Regular,9,303478.83,4,0,0.0006,Low,0
CUST00225,29,Regular,3,199129.96,105,0,0.0006,Low,0
CUST00960,35,Premium,17,1016295.93,6,0,0.0006,Low,0
CUST00615,36,Regular,9,383778.5,24,0,0.0006,Low,0
CUST00578,39,Regular,5,475451.41,36,0,0.0006,Low,0
CUST00069,23,Occasional,2,95601.59,200,0,0.0006,Low,0
CUST00180,30,Regular,6,502142.95,80,0,0.0006,Low,0
CUST00391,36,Regular,9,137368.56,7,0,0.0006,Low,0
CUST00476,39,Premium,16,578209.6799999999,6,0,0.0006,Low,0
CUST00116,30,Regular,6,213416.61,72,0,0.0006,Low,0
CUST00419,38,Regular,10,293335.24,7,0,0.0006,Low,0
CUST00988,41,Occasional,2,279733.67,5,0,0.0006,Low,0
CUST00143,35,Regular,5,156259.03,49,0,0.0006,Low,0
CUST00013,38,Occasional,2,176681.47999999998,185,0,0.0006,Low,0
CUST00897,29,Regular,7,205857.84,48,0,0.0006,Low,0
CUST00575,31,Regular,6,133247.69,81,0,0.0006,Low,0
CUST00884,37,Occasional,3,163045.53,87,0,0.0006,Low,0
CUST00757,27,Occasional,1,19094.26,345,0,0.0005,Low,0
CUST00729,22,Regular,3,83448.91,198,0,0.0005,Low,0
CUST00092,32,Regular,7,136423.03,29,0,0.0005,Low,0
CUST00758,20,Occasional,3,54122.83,12,0,0.0005,Low,0
CUST00375,33,Occasional,2,204820.36,108,0,0.0005,Low,0
CUST00088,43,Premium,7,313277.6,46,0,0.0005,Low,0
CUST00669,31,Premium,15,354099.19999999995,85,0,0.0005,Low,0
CUST00255,22,Regular,3,36825.740000000005,16,0,0.0005,Low,0
CUST00266,41,Premium,8,555486.3,22,0,0.0005,Low,0
CUST00468,31,Regular,6,516615.6,78,0,0.0005,Low,0
CUST00475,34,Occasional,1,19844.06,303,0,0.0005,Low,0
CUST00908,26,Occasional,3,492228.75,69,0,0.0005,Low,0
CUST00109,33,Premium,8,410676.16,142,0,0.0005,Low,0
CUST00553,24,Premium,12,472192.96,44,0,0.0005,Low,0
CUST00050,36,Regular,4,70652.93,16,0,0.0005,Low,0
CUST00938,22,Regular,8,219927.87,128,0,0.0005,Low,0
CUST00062,37,Premium,4,388251.33,4,0,0.0005,Low,0
CUST00595,39,Premium,15,591392.8099999999,54,0,0.0005,Low,0
CUST00365,42,Occasional,1,4295.23,53,0,0.0005,Low,0
CUST00254,38,Premium,11,400518.24,6,0,0.0005,Low,0
CUST00235,40,Regular,7,637613.65,66,0,0.0005,Low,0
CUST00215,41,Regular,8,615337.71,56,0,0.0005,Low,0
CUST00389,29,Regular,6,267047.35000000003,45,0,0.0005,Low,0
CUST00202,36,Premium,7,247312.88,4,0,0.0005,Low,0
CUST00790,32,Premium,9,285776.69,162,0,0.0005,Low,0
CUST00834,26,Regular,4,225191.82,117,0,0.0005,Low,0
CUST00540,37,Regular,4,288145.57,51,0,0.0005,Low,0
CUST00536,26,Occasional,2,39000.990000000005,339,0,0.0005,Low,0
CUST00369,18,Regular,6,166274.27000000002,56,0,0.0005,Low,0
CUST00742,36,Regular,9,350802.85,41,0,0.0005,Low,0
CUST00285,41,Regular,7,414338.9,2,0,0.0005,Low,0
CUST00291,36,Premium,13,472071.26,26,0,0.0005,Low,0
CUST00748,32,Regular,5,403806.82,43,0,0.0005,Low,0
CUST00974,44,Occasional,3,381095.97,117,0,0.0005,Low,0
CUST00046,36,Regular,7,421102.49,4,0,0.0005,Low,0
CUST00656,36,Premium,11,593394.17,4,0,0.0005,Low,0
CUST00662,36,Premium,16,678062.05,4,0,0.0005,Low,0
CUST00664,44,Occasional,1,305109.64,86,0,0.0005,Low,0
CUST00414,31,Regular,9,265487.85,56,0,0.0005,Low,0
CUST00574,25,Regular,6,225541.2,75,0,0.0005,Low,0
CUST00999,38,Premium,8,231622.1,310,0,0.0005,Low,0
CUST00012,35,Regular,3,204331.1,86,0,0.0005,Low,0
CUST00887,18,Regular,6,300749.3,174,0,0.0005,Low,0
CUST00477,37,Regular,6,49782.3,54,0,0.0005,Low,0
CUST00163,34,Regular,9,657544.36,78,0,0.0005,Low,0
CUST00628,29,Occasional,1,17955.45,229,0,0.0005,Low,0
CUST00183,34,Regular,9,269634.18,154,0,0.0005,Low,0
CUST00175,49,Regular,9,627182.1799999999,4,0,0.0005,Low,0
CUST00166,26,Regular,7,112797.27,58,0,0.0005,Low,0
CUST00977,36,Premium,15,472944.19,8,0,0.0005,Low,0
CUST00913,26,Regular,2,44444.17,143,0,0.0005,Low,0
CUST00983,18,Regular,5,228315.18,102,0,0.0005,Low,0
CUST00262,34,Regular,8,312892.22000000003,88,0,0.0004,Low,0
CUST00739,29,Regular,8,237981.97,127,0,0.0004,Low,0
CUST00535,18,Regular,10,573571.93,51,0,0.0004,Low,0
CUST00770,41,Regular,7,501649.28,34,0,0.0004,Low,0
CUST00768,44,Regular,3,445146.21,99,0,0.0004,Low,0
CUST00374,21,Regular,4,56185.45,5,0,0.0004,Low,0
CUST00561,48,Premium,8,1197353.48,31,0,0.0004,Low,0
CUST00033,34,Regular,6,505326.66,231,0,0.0004,Low,0
CUST00985,39,Regular,8,677374.42,10,0,0.0004,Low,0
CUST00969,41,Premium,8,536151.63,4,0,0.0004,Low,0
CUST00716,38,Occasional,1,134213.16,585,0,0.0004,Low,0
CUST00103,35,Premium,16,282783.06,12,0,0.0004,Low,0
CUST00165,34,Premium,12,889201.55,54,0,0.0004,Low,0
CUST00844,39,Regular,5,309007.91000000003,63,0,0.0004,Low,0
CUST00633,26,Occasional,2,19157.48,203,0,0.0004,Low,0
CUST00875,22,Regular,3,27311.84,155,0,0.0004,Low,0
CUST00014,33,Regular,7,536661.4299999999,283,0,0.0004,Low,0
CUST00133,37,Premium,12,439979.75,58,0,0.0004,Low,0
CUST00749,33,Regular,6,81166.38,25,0,0.0004,Low,0
CUST00681,28,Regular,1,4103.92,30,0,0.0004,Low,0
CUST00265,18,Regular,4,314832.97,91,0,0.0004,Low,0
CUST00568,31,Regular,5,161914.69,85,0,0.0004,Low,0
CUST00700,31,Regular,10,1243253.78,8,0,0.0004,Low,0
CUST00453,40,Regular,4,180190.39,184,0,0.0004,Low,0
CUST00953,32,Regular,11,195165.66,13,0,0.0004,Low,0
CUST00946,33,Regular,6,75481.39,107,0,0.0004,Low,0
CUST00054,30,Regular,12,800156.45,115,0,0.0004,Low,0
CUST00030,44,Premium,12,684076.87,53,0,0.0004,Low,0
CUST00017,31,Occasional,1,4056.36,62,0,0.0004,Low,0
CUST00959,18,Occasional,1,18183.34,150,0,0.0004,Low,0
CUST00614,41,Occasional,1,3986.18,628,0,0.0004,Low,0
CUST00599,37,Premium,14,452237.24,144,0,0.0004,Low,0
CUST00601,37,Premium,14,1150298.59,50,0,0.0004,Low,0
CUST00174,18,Regular,7,76326.40999999999,5,0,0.0004,Low,0
CUST00997,27,Regular,6,355688.93,127,0,0.0004,Low,0
CUST00206,25,Occasional,3,21949.160000000003,140,0,0.0004,Low,0
CUST00189,37,Regular,6,368516.79,79,0,0.0004,Low,0
CUST00324,35,Occasional,1,120795.75,106,0,0.0004,Low,0
CUST00187,34,Regular,5,700523.01,365,0,0.0004,Low,0
CUST00078,42,Premium,8,174080.75,157,0,0.0004,Low,0
CUST00777,39,Premium,18,1318244.05,52,0,0.0004,Low,0
CUST00305,24,Regular,8,780788.3400000001,100,0,0.0004,Low,0
CUST00593,31,Regular,5,495990.67,51,0,0.0004,Low,0
CUST00356,36,Regular,10,503692.68,57,0,0.0004,Low,0
CUST00343,20,Regular,7,501995.36,173,0,0.0004,Low,0
CUST00779,39,Regular,7,831778.26,15,0,0.0004,Low,0
CUST00162,37,Occasional,1,198849.68,333,0,0.0004,Low,0
CUST00157,24,Regular,5,235390.1,48,0,0.0004,Low,0
CUST00490,38,Regular,9,727427.81,31,0,0.0004,Low,0
CUST00120,32,Regular,7,634290.35,138,0,0.0003,Low,0
CUST00863,37,Regular,10,401647.32,136,0,0.0003,Low,0
CUST00134,31,Occasional,1,18433.23,716,0,0.0003,Low,0
CUST00848,43,Premium,8,264394.24000000005,81,0,0.0003,Low,0
CUST00606,32,Premium,12,726711.42,88,0,0.0003,Low,0
CUST00005,18,Regular,5,42371.66,5,0,0.0003,Low,0
CUST00167,38,Premium,10,230450.61,42,0,0.0003,Low,0
CUST00889,35,Occasional,2,34865.83,85,0,0.0003,Low,0
CUST00585,26,Regular,5,70041.28,492,0,0.0003,Low,0
CUST00845,30,Regular,4,176642.3,98,0,0.0003,Low,0
CUST00333,31,Regular,4,39697.77,202,0,0.0003,Low,0
CUST00336,58,Regular,7,76529.88,41,0,0.0003,Low,0
CUST00731,26,Occasional,2,12346.16,34,0,0.0003,Low,0
CUST00384,36,Regular,4,318105.36,643,0,0.0003,Low,0
CUST00646,48,Regular,12,290495.21,142,0,0.0003,Low,0
CUST00102,41,Occasional,1,66370.21,165,0,0.0003,Low,0
CUST00728,30,Premium,19,665898.25,81,0,0.0003,Low,0
CUST00726,27,Regular,8,159370.86,54,0,0.0003,Low,0
CUST00466,24,Regular,11,592702.9,110,0,0.0003,Low,0
CUST00708,39,Premium,9,404824.62,43,0,0.0003,Low,0
CUST00699,39,Occasional,1,203206.76,146,0,0.0003,Low,0
CUST00687,34,Regular,7,538746.1699999999,127,0,0.0003,Low,0
CUST00934,38,Occasional,1,320260.0,709,0,0.0003,Low,0
CUST00026,37,Premium,10,702883.44,79,0,0.0003,Low,0
CUST00039,36,Regular,10,468012.15,204,0,0.0003,Low,0
CUST00550,35,Regular,8,529383.62,91,0,0.0003,Low,0
CUST00111,35,Occasional,3,256484.27,111,0,0.0003,Low,0
CUST00982,37,Regular,12,1074785.07,45,0,0.0003,Low,0
CUST00652,40,Regular,6,244802.5,165,0,0.0003,Low,0
CUST00203,26,Regular,10,810332.04,95,0,0.0003,Low,0
CUST00302,42,Regular,8,779748.24,81,0,0.0003,Low,0
CUST00322,32,Premium,11,288402.78,106,0,0.0003,Low,0
CUST00367,40,Occasional,2,272821.84,241,0,0.0003,Low,0
CUST00252,38,Occasional,3,60267.36,67,0,0.0003,Low,0
CUST00312,18,Regular,8,173965.99,54,0,0.0003,Low,0
CUST00076,38,Premium,9,467468.66,76,0,0.0003,Low,0
CUST00071,36,Occasional,2,238601.78,215,0,0.0003,Low,0
CUST00489,37,Regular,1,47448.44,641,0,0.0003,Low,0
CUST00803,28,Regular,10,937865.83,98,0,0.0003,Low,0
CUST00680,38,Occasional,1,246680.66,592,0,0.0003,Low,0
CUST00289,39,Premium,17,1248312.73,69,0,0.0003,Low,0
CUST00279,40,Premium,11,293946.32,118,0,0.0003,Low,0
CUST00526,41,Regular,3,36214.69,65,0,0.0003,Low,0
CUST00539,39,Regular,7,584302.85,73,0,0.0003,Low,0
CUST00878,47,Premium,8,168362.45,102,0,0.0003,Low,0
CUST00073,38,Premium,17,942847.66,44,0,0.0003,Low,0
CUST00899,35,Regular,3,27844.88,52,0,0.0003,Low,0
CUST00173,37,Occasional,2,201526.63,83,0,0.0003,Low,0
CUST00901,34,Occasional,2,341334.64,181,0,0.0002,Low,0
CUST00896,41,Regular,5,238458.73,142,0,0.0002,Low,0
CUST00847,38,Occasional,3,35409.42,46,0,0.0002,Low,0
CUST00894,39,Regular,4,512556.71,338,0,0.0002,Low,0
CUST00323,38,Occasional,1,7582.36,558,0,0.0002,Low,0
CUST00106,40,Occasional,1,67123.57,93,0,0.0002,Low,0
CUST00091,46,Premium,14,358462.26,91,0,0.0002,Low,0
CUST00624,40,Occasional,1,206606.02,695,0,0.0002,Low,0
CUST00858,42,Regular,4,413482.03,106,0,0.0002,Low,0
CUST00855,31,Regular,6,115202.86,235,0,0.0002,Low,0
CUST00873,24,Occasional,1,20805.59,798,0,0.0002,Low,0
CUST00530,44,Regular,8,391794.84,209,0,0.0002,Low,0
CUST00968,36,Regular,4,246975.16,54,0,0.0002,Low,0
CUST00964,36,Regular,4,225090.46,85,0,0.0002,Low,0
CUST00471,41,Premium,1,55791.92,93,0,0.0002,Low,0
CUST00112,34,Premium,11,1421901.89,69,0,0.0002,Low,0
CUST00439,21,Regular,9,367073.9,94,0,0.0002,Low,0
CUST00450,27,Regular,7,75763.61,59,0,0.0002,Low,0
CUST00950,39,Regular,10,420236.67,110,0,0.0002,Low,0
CUST00947,33,Regular,8,708241.35,94,0,0.0002,Low,0
CUST00569,36,Regular,8,527109.26,103,0,0.0002,Low,0
CUST00714,40,Regular,6,95733.62,303,0,0.0002,Low,0
CUST00326,40,Regular,6,300852.75,144,0,0.0002,Low,0
CUST00763,24,Regular,5,166271.32,45,0,0.0002,Low,0
CUST00515,30,Occasional,2,32060.98,88,0,0.0002,Low,0
CUST00274,27,Regular,4,82955.41,207,0,0.0002,Low,0
CUST00532,32,Premium,13,499778.01,110,0,0.0002,Low,0
CUST00226,30,Premium,9,267304.36,90,0,0.0002,Low,0
CUST00905,54,Occasional,4,317683.09,132,0,0.0002,Low,0
CUST00915,18,Occasional,3,67343.19,116,0,0.0002,Low,0
CUST00893,36,Premium,13,906619.07,104,0,0.0002,Low,0
CUST00987,40,Occasional,2,28261.52,86,0,0.0002,Low,0
CUST00920,39,Occasional,2,7476.08,658,0,0.0002,Low,0
CUST00001,36,Regular,14,888926.64,46,0,0.0002,Low,0
CUST00843,26,Regular,5,73668.73,52,0,0.0002,Low,0
CUST00158,29,Regular,2,19062.52,54,0,0.0002,Low,0
CUST00404,40,Premium,3,384708.68,246,0,0.0002,Low,0
CUST00349,41,Occasional,1,3076.38,42,0,0.0002,Low,0
CUST00307,28,Regular,9,390587.05,93,0,0.0002,Low,0
CUST00311,35,Occasional,3,38809.75,96,0,0.0002,Low,0
CUST00815,23,Regular,3,56198.46,142,0,0.0002,Low,0
CUST00423,37,Premium,6,243577.39,115,0,1e-04,Low,0
CUST00470,24,Regular,4,53615.75,71,0,1e-04,Low,0
CUST00457,48,Premium,6,534216.92,107,0,1e-04,Low,0
CUST00269,36,Premium,10,663134.35,158,0,1e-04,Low,0
CUST00678,38,Occasional,1,201298.74,670,0,1e-04,Low,0
CUST00379,36,Regular,5,359330.92,146,0,1e-04,Low,0
CUST00956,39,Premium,7,453536.96,104,0,1e-04,Low,0
CUST00445,23,Occasional,2,22751.69,365,0,1e-04,Low,0
CUST00447,26,Occasional,3,17954.33,206,0,1e-04,Low,0
CUST00776,38,Regular,3,408544.58,131,0,1e-04,Low,0
CUST00186,28,Regular,5,37657.2,126,0,1e-04,Low,0
CUST00222,26,Occasional,2,19033.13,468,0,1e-04,Low,0
CUST00321,34,Regular,4,524996.22,190,0,1e-04,Low,0
CUST00807,49,Premium,14,1160072.29,199,0,1e-04,Low,0
CUST00487,18,Occasional,1,19112.88,592,0,1e-04,Low,0
CUST00598,46,Regular,5,56514.7,81,0,1e-04,Low,0
CUST00622,40,Occasional,1,179851.64,206,0,1e-04,Low,0
CUST00831,41,Occasional,2,17950.91,528,0,0.0,Low,0
CUST00297,50,Regular,5,356281.54000000004,91,0,0.0,Low,0
